Country,Year,True_Crisis,LR_Predicted,LR_Probability,GB_Predicted,GB_Probability
United States,1975,0,0,0.03076021370822227,0,0.014521772796679893
Switzerland,1992,0,0,0.028976147550392115,0,0.014008276585318084
Egypt,1971,0,1,0.5728436596440897,0,0.24284804480689212
Sweden,1965,0,0,0.1727095434371869,0,0.035866943164144155
Austria,1992,0,0,0.13071234946964824,0,0.012016492793130917
Portugal,2008,0,0,0.030116309994354145,0,0.03313533035258952
United Kingdom,1970,0,0,0.263652435392144,0,0.036992753404464056
Korea,1971,0,0,0.036041461661033856,0,0.02437094360705889
Colombia,1987,0,1,0.5496715612752426,0,0.18317981621769364
Thailand,2005,0,0,0.03400777744851795,0,0.016405290540952754
Belgium,1968,0,0,0.08661177959241273,0,0.015578639471413686
Nicaragua,1994,1,1,0.9975827061857594,1,0.7868772912063716
Belgium,1965,0,0,0.0828465301022312,0,0.015578639471413686
Philippines,1968,0,0,0.40658932864853875,0,0.06376519812577708
Singapore,1975,0,0,0.0616025788129992,0,0.04120763096544953
United Kingdom,1982,0,0,0.38105682923210127,0,0.11819966947718158
China,1969,0,0,0.2621142556124781,0,0.059648755282193384
Germany,1975,0,0,0.06385632319286987,0,0.013002532472020868
Zambia,2016,0,1,0.6589858255543903,0,0.20421825110347974
Venezuela,1993,1,1,0.8823170687301074,0,0.351107640073057
Honduras,1996,1,1,0.6843896197505792,0,0.4455395452399351
Zambia,1992,1,1,0.8460086263349667,1,0.7087185712252057
Nigeria,1984,1,1,0.948601691309813,0,0.3445414730972652
Indonesia,1964,1,0,0.37547794247534255,0,0.24812867697961216
Italy,1965,0,0,0.40066194323209925,0,0.07561514532951477
Mauritius,1980,0,1,0.9128481762677627,1,0.6760218349557708
Colombia,1968,0,0,0.36135092203239155,0,0.12489528500272622
Iceland,1995,0,1,0.6872513785421392,0,0.3878338272002218
United States,2016,0,0,0.017950309329411822,0,0.015296815105052538
Iceland,1967,0,0,0.2982460376352519,0,0.04102477090212322
Greece,1981,0,1,0.6743198130848255,0,0.1797512791761301
Bolivia,1979,1,0,0.4924720437095076,0,0.21272624890979613
Colombia,2003,0,0,0.49626489066033047,0,0.1324685761569533
Turkey,2007,0,0,0.07468155295723508,0,0.06657909387832685
Poland,1987,1,0,0.41085220750962914,0,0.3520729069357928
Belgium,1969,0,0,0.09364960730521862,0,0.018561181485265796
Guatemala,2006,0,1,0.5039818426085889,0,0.06538882314673868
Australia,2007,0,0,0.011634162170446358,0,0.01594780022070101
New Zealand,1987,0,0,0.21161498878049861,0,0.025177033642031988
South Africa,1986,1,1,0.7135399117279825,1,0.5391137289346778
Ghana,2016,0,1,0.7145290790912302,0,0.22573132392706693
Central African Republic,2012,1,1,0.7108018162329189,0,0.39909844028212194
Algeria,2007,0,0,0.09799828041277783,0,0.07451841188419152
Venezuela,2002,1,1,0.9556661503543223,1,0.748188951180137
Costa Rica,1998,0,1,0.5678048126499681,0,0.1536509613259233
Iceland,1983,0,1,0.6947669440851062,1,0.5627576647572098
Hungary,2010,0,0,0.16537669062794846,0,0.0617752409535574
Uruguay,1964,1,1,0.6160456731952105,0,0.15906167609216204
Algeria,1988,1,1,0.8309395851981451,0,0.40497473030415865
United States,1970,0,0,0.1075522848404937,0,0.014664924762508826
Malaysia,1967,0,0,0.0332881214745272,0,0.018708423035195917
Morocco,1967,0,1,0.534854110156423,0,0.16409469316279712
Bolivia,1971,0,0,0.3224836941450439,0,0.06357727054139604
Italy,2007,0,0,0.04079976031259254,0,0.012025683160754065
Poland,2001,0,0,0.4273577209449593,0,0.051891186629724535
Iceland,1980,0,0,0.2706215369428891,0,0.23049215023015893
Sri Lanka,1978,1,1,0.5303382150372472,0,0.1615500321938949
Korea,1989,0,0,0.052478059540072605,0,0.022431062441285017
Finland,1964,0,0,0.13355409314192218,0,0.020160359094542134
Ireland,1966,0,0,0.05268254400305882,0,0.032238707772850685
Tunisia,2006,0,0,0.3848169737124708,0,0.05651592090903109
Egypt,1990,0,0,0.405801368365815,0,0.08605532281383128
Dominican Republic,1968,0,1,0.8106763533623589,0,0.08744268021061008
Sweden,2000,0,0,0.03147107326755292,0,0.012016492793130917
Russia,1999,1,1,0.8449843717157755,1,0.62969091352529
Australia,2001,0,0,0.06721285542734116,0,0.013580478942449193
Thailand,1998,0,0,0.1028379313815222,0,0.056961157496368424
Panama,2016,0,0,0.2698347990378113,0,0.028206500705667336
Philippines,1979,0,0,0.3703900636553945,0,0.06756815633367542
Korea,1967,0,0,0.04600666421707654,0,0.02688661741664446
Portugal,1999,0,0,0.08916991375709682,0,0.018736020994206987
Sweden,1978,0,0,0.1723064202751213,0,0.01415496407352355
Central African Republic,2007,1,1,0.8048483492267713,1,0.8422130738805288
Paraguay,2009,0,1,0.6026680277275068,0,0.18188448371645824
United Kingdom,1987,0,0,0.07991980354754953,0,0.04028227311305907
Iceland,1969,0,1,0.5567502469144175,0,0.276930683090972
Zambia,1999,0,1,0.8586916066510207,1,0.532647631972943
Korea,2005,0,0,0.0006399947010477333,0,0.0148647016959902
United Kingdom,2011,0,0,0.015368705261756124,0,0.018200426920590713
Belgium,2004,0,0,0.046708514733274475,0,0.012910386717258587
United States,2004,0,0,0.003291652812399675,0,0.014129266690989609
Ireland,2015,0,0,0.002592293130576353,0,0.06899206545681294
South Africa,1995,0,0,0.4966452429389259,0,0.24468908138355414
Mexico,1989,1,1,0.6194812865581439,0,0.3598413629023368
Russia,1998,1,1,0.8028648447879339,1,0.5332424015457743
Morocco,2013,0,0,0.3455847630843302,0,0.05318115804418279
Austria,1986,0,0,0.16346558278458828,0,0.013688565913273228
Kenya,1972,0,1,0.5125420642369493,0,0.1801062803537309
Romania,2008,0,0,0.1835483464752258,0,0.09907511296613018
Morocco,2002,0,0,0.4894567657419752,0,0.08800622815061175
India,1997,0,0,0.1895069301252221,0,0.043848560103981506
Denmark,1985,0,0,0.14869150991788288,0,0.01764669158780907
Greece,2009,1,0,0.31619454509071887,0,0.09349581674939701
Denmark,1974,0,0,0.10920540737794139,0,0.016723374120394107
Austria,1975,0,0,0.14171394659902542,0,0.01563374326387693
Belgium,1995,0,0,0.1588271990787468,0,0.01206875043803265
Switzerland,2011,0,0,4.905911158466162e-07,0,0.013832684025825248
Korea,1985,0,0,0.13816673164321383,0,0.04338310908934955
Algeria,1968,0,1,0.6237220634503639,0,0.1346657879812752
Central African Republic,1971,0,1,0.6967200358796805,0,0.1374604055018324
Switzerland,2004,0,0,0.014906398919679415,0,0.011900911504890737
Egypt,1972,0,1,0.5603866604636207,0,0.1849744849238727
Chile,2000,0,0,0.17572982420004027,0,0.013298189953386321
Philippines,1965,0,0,0.41074341380794044,0,0.0734777468376258
Dominican Republic,1979,1,1,0.5061001428015404,0,0.0784893407876044
Canada,1971,0,0,0.07858996103740049,0,0.013896135383413338
Algeria,1975,0,1,0.7885947765917503,0,0.14452479588402642
Zambia,1970,0,1,0.8221750654238633,0,0.25851702125739345
Germany,1999,0,0,0.0720480934796049,0,0.012016492793130917
Bolivia,1989,1,1,0.8076801048828217,1,0.628152894256819
Austria,1978,0,0,0.1631800081073781,0,0.016178517705186662
Venezuela,2008,0,0,0.25825786433655284,0,0.1597485445734575
Brazil,2000,0,0,0.0025723902705001096,0,0.049789984714372765
Portugal,2011,1,0,0.028304904440303265,0,0.0342442425038168
Zambia,2013,0,1,0.5184629942743663,0,0.2919503569920805
Belgium,1976,0,0,0.07070133387301446,0,0.017398734726166775
Korea,1968,0,0,0.04155178538188951,0,0.0273122452628024
Canada,1984,0,0,0.17848841225057047,0,0.023855443642232722
Costa Rica,1982,1,1,0.945508824027895,1,0.7857955343813575
Morocco,1968,0,0,0.4999170988468153,0,0.19259051749913633
Sweden,1990,0,0,0.03509676009600493,0,0.014088245843686929
Turkey,1974,0,0,0.4988827334438528,0,0.08673668804973973
Guatemala,2011,0,1,0.6521877630203353,0,0.18721449707335655
Chile,1966,0,0,0.3253493879821584,0,0.42250520497942035
Argentina,1995,0,1,0.5458807271454269,0,0.21862457814772038
Sri Lanka,1984,0,1,0.8492830482065455,1,0.6084469648548368
Algeria,2010,0,0,0.09069514911633533,0,0.057779469734441244
Egypt,2000,0,0,0.25032955681062097,0,0.04023797339111276
Myanmar,1978,0,1,0.6974281285055045,0,0.17116768003315505
Korea,1984,0,0,0.25117802275348583,0,0.06242226546323293
United Kingdom,2014,0,0,0.018639173109744053,0,0.014267474911851173
Paraguay,1975,0,0,0.37875960297237843,0,0.06240976583014855
Hungary,2000,0,0,0.4121591967315067,0,0.07855045296779091
Brazil,2008,0,0,2.350949738709595e-08,0,0.039271887456623404
Nigeria,1978,0,1,0.8294740449733471,0,0.2117452274111357
Ghana,1985,1,1,0.8401736019325287,0,0.20049891845329296
El Salvador,2013,0,1,0.5824751621761263,0,0.1377461705060357
United Kingdom,1985,0,0,0.25802756602368815,0,0.057650886111158255
Ireland,1985,0,1,0.5788333815144293,0,0.28587541900044444
Nicaragua,1983,1,1,0.982556118958037,1,0.7234977144202934
Mauritius,1978,0,1,0.5230472324176113,0,0.23201573841565346
Norway,1974,0,0,0.12141842355706456,0,0.016669949423571546
Morocco,1993,0,1,0.6717765809981725,0,0.1731260777374027
Belgium,1981,0,0,0.17254684804889042,0,0.015415210515584693
Costa Rica,2004,0,0,0.4641287831502241,0,0.10381409801729134
Austria,2004,0,0,0.1357115267883763,0,0.012300343017777991
Uruguay,1982,1,1,0.8729558145942562,1,0.539095754472397
Malaysia,1984,0,0,0.07520508099665106,0,0.028648982020102298
Iceland,1994,0,1,0.6820086375454789,0,0.36988161120685387
New Zealand,1970,0,0,0.4126778052671783,0,0.04524219519054397
Colombia,2001,0,1,0.6710005107249402,0,0.42554734122068866
Peru,1970,0,1,0.5998234171138164,0,0.26137323204944846
Sweden,1981,0,0,0.32988158069739437,0,0.01908464869265086
France,2008,0,0,0.008951602648501715,0,0.012025683160754065
Turkey,1966,0,1,0.5040742549264994,0,0.14460106961287955
Russia,1986,0,0,0.26756182247559324,1,0.6632971438452508
Ireland,2003,0,0,0.05542774182733777,0,0.02068018480752847
Zambia,2001,0,1,0.854625807749125,1,0.6052757099870362
El Salvador,1985,0,1,0.8197109609508477,1,0.6686646320065477
Tunisia,1991,0,1,0.5175760222497754,0,0.1879311989788259
South Africa,2006,0,0,0.1323100780761248,0,0.03471180480054477
Korea,2009,0,0,0.0024238413685929716,0,0.013015545545659412
Finland,2000,0,0,0.07909356973800655,0,0.014232710700263131
New Zealand,1976,0,0,0.3270841558503689,0,0.05598599151457711
Spain,1994,0,0,0.3264437999784935,0,0.013820854293204534
Philippines,1973,0,0,0.3822563198817234,0,0.06562655209166361
Korea,1993,0,0,0.039784204609068625,0,0.012542538252371092
Singapore,1991,0,0,0.027132861652256757,0,0.01982762554652205
Panama,2004,0,0,0.29994785682137,0,0.028533598176120563
Singapore,2002,0,0,0.03905773313728281,0,0.018272919925960793
Dominican Republic,1994,0,1,0.7480280571250325,1,0.5122833878970666
Romania,2015,0,1,0.6204005372657195,0,0.10703469225322244
Dominican Republic,1977,0,0,0.47497907696016023,0,0.12842954976475218
Peru,1994,1,1,0.6836671690603471,0,0.23456253499746837
India,1970,1,0,0.32120997936564366,0,0.1387378897803466
Tunisia,2005,0,0,0.44801055337011464,0,0.06372827426694104
Spain,1968,0,1,0.5643942577683755,0,0.10429685616589933
Netherlands,2007,0,0,0.008585404616068104,0,0.015214770666284783
Romania,2009,0,1,0.5603282830321223,0,0.18352862846785845
Costa Rica,2008,0,0,0.34128544809306866,0,0.06727633490519536
Netherlands,1981,0,0,0.022297027399348964,0,0.014474800900999918
Finland,2008,0,0,0.046324834548715006,0,0.014115813942307778
Zambia,1969,0,1,0.8711021877012419,0,0.19610174732046487
Venezuela,1976,0,0,0.4905259378411432,0,0.12636294821122096
Tunisia,1997,0,0,0.4830772387887364,0,0.13586626765358437
Colombia,1973,0,0,0.3017500056919808,0,0.09077813683856704
Angola,2004,0,1,0.8548129627920311,0,0.4349308822553485
South Africa,1979,0,0,0.3543002184285458,0,0.05204546307227261
Australia,2012,0,0,0.021325248436885626,0,0.01372048936641202
Switzerland,1984,0,0,0.053216990259194644,0,0.01833671581555334
Portugal,1978,0,1,0.6392734222813973,0,0.24583201085846842
Australia,1980,0,0,0.26462371426160197,0,0.014911540671564472
Algeria,2006,0,0,0.2804638258218557,0,0.09847639566860196
Singapore,2015,0,0,0.0016510243530268088,0,0.011952599440107297
Korea,2008,0,0,0.0029656322017823722,0,0.012077980284376379
Morocco,1996,0,1,0.745754257799799,0,0.24726381825547683
Chile,1983,1,1,0.7914787183657583,1,0.6172867536659462
India,2003,0,0,0.022233632047777802,0,0.043680961178938785
Morocco,2005,0,0,0.3254855318208674,0,0.05673629602404523
Chile,2001,0,0,0.17893562622968334,0,0.013403574197526287
South Africa,1991,1,1,0.5177055186793962,0,0.1251804078236705
Angola,1991,1,1,0.8628670683547356,1,0.752688779597088
Zimbabwe,1978,1,1,0.8106467145618513,1,0.5223894318530095
Peru,1997,0,0,0.4243691953664628,0,0.11910631742668906
Iceland,1981,0,0,0.38546370174114075,0,0.1844964533921078
Malaysia,1965,0,0,0.028149681171787393,0,0.020809085981733023
Philippines,1971,0,0,0.40573625752476444,0,0.06831377997670131
New Zealand,1983,0,0,0.3445625261432601,0,0.1316526130769319
Sweden,2008,0,0,0.008713188020837408,0,0.012967463493749422
Dominican Republic,1975,0,0,0.394959298593608,0,0.1188835097739051
Switzerland,1982,0,0,0.024079196740459566,0,0.017865183733757953
United States,1983,0,0,0.11212172995339871,0,0.017545182284919966
El Salvador,2001,0,0,0.48641841816628517,0,0.06412706089626094
Paraguay,1966,1,1,0.5355346730838327,0,0.07415185918495773
Philippines,1980,1,0,0.42434762877215687,0,0.11025365995567309
Iceland,1990,0,1,0.5113729174006774,0,0.3427923019949472
Panama,2014,0,0,0.27530024609108533,0,0.03707107318415775
Japan,1973,0,0,0.007310139051031975,0,0.02909430277060394
Morocco,1970,0,1,0.5054937666458866,0,0.17470183816216592
China,1970,0,0,0.26960683213307335,0,0.08937925402800309
Nigeria,1994,0,1,0.8772004990818834,1,0.5342938424257025
United States,1988,0,0,0.00935685135487907,0,0.012853838137222308
Denmark,1991,0,0,0.06798750165677363,0,0.014098406071034544
Honduras,2013,1,1,0.5440968892305806,0,0.20159219787670238
Singapore,2003,0,0,0.02608289229786522,0,0.018993458819508677
Japan,1969,0,0,0.004247416148493125,0,0.01921477411187303
Nigeria,1999,0,1,0.6996370322628738,0,0.07157357204615117
Guatemala,2015,0,0,0.4366348045918281,0,0.07366730469726929
Netherlands,1998,0,0,0.012748385852531323,0,0.01206875043803265
United Kingdom,1984,0,0,0.31445410934330226,0,0.05972025168882538
Zimbabwe,2001,1,1,0.8590263230839359,1,0.7530376597566024
Argentina,1970,0,1,0.5082969762029464,0,0.2389752745705094
Zimbabwe,1990,0,1,0.526689552977541,0,0.2997385342128953
Sri Lanka,1989,0,1,0.6669211016450782,0,0.2307577227479324
Greece,2015,1,1,0.5260478710543244,0,0.31271386988595584
Mexico,1973,0,0,0.3713670844043915,0,0.10298810373535668
France,2012,0,0,0.0015379998975883075,0,0.016149358962534287
Malaysia,1978,0,0,0.03420038385151174,0,0.026936088477291183
Russia,2005,0,0,0.0009476331848501766,0,0.03767525441698669
Uruguay,1979,0,1,0.523523786890769,0,0.12734102639987704
Finland,1969,0,0,0.15467546946630747,0,0.034087465657964236
Belgium,2013,0,0,0.02594010820755174,0,0.014232259036704695
Denmark,2013,0,0,0.006104856307335744,0,0.01878999500306887
Ecuador,1996,1,1,0.6328397551686793,0,0.20753488895428046
France,1983,0,0,0.13412924799483059,0,0.014346228602316729
Hungary,1976,0,0,0.21108787844144647,0,0.0690330580441759
Germany,1973,0,0,0.036275732188660405,0,0.012107874869446603
Central African Republic,2004,1,1,0.7906125327558062,0,0.47757787587614536
Myanmar,2007,1,0,0.28103262263168,0,0.32784331677383294
Uruguay,1974,0,1,0.6102042594976211,0,0.43989726671766605
Finland,1989,0,0,0.07471022403672642,0,0.014329767952245576
Ghana,1995,0,1,0.6527196729050962,0,0.15840306368722235
Portugal,1974,0,0,0.36381789550420657,0,0.13601845941358523
Uruguay,1973,0,1,0.6896293257775934,0,0.3272092891726091
Honduras,2015,1,0,0.4463325693791462,0,0.062252184277033794
Philippines,1977,0,0,0.38877922427277983,0,0.09454118939585623
Belgium,1980,0,0,0.06865049730994378,0,0.014935380172981391
Uruguay,2009,0,0,0.4364981002858885,0,0.0827233854186315
Mexico,1990,0,1,0.6130036930577507,0,0.32019676925906165
Sweden,1996,0,0,0.15573251079822073,0,0.017791665161360947
Ireland,1973,0,0,0.04317788830239092,0,0.019960866185711624
Iceland,1964,0,0,0.1810867022192409,0,0.11510493790959984
Venezuela,1969,0,1,0.5714787244066263,0,0.1435957760674419
Peru,2003,0,1,0.5405702890767029,0,0.07157494933658988
Austria,2012,0,0,0.07653208000772946,0,0.01733106211653451
India,2000,0,0,0.14281242977062789,0,0.0434026858074543
Chile,1996,0,0,0.13590633493164242,0,0.04462956708341903
Guatemala,1968,0,1,0.5241210481004974,0,0.13198714693889768
Thailand,1977,0,0,0.025073944654499518,0,0.020043250178105803
France,1982,0,0,0.061971697500741926,0,0.014357174888805694
Venezuela,2013,0,1,0.6550464868228385,0,0.3148063503379101
Honduras,2010,1,1,0.7433301232567117,0,0.42327405280276564
Peru,1967,1,0,0.448584917528355,0,0.18960820695936395
Uruguay,2001,1,1,0.7667922041979643,1,0.6265395808740952
Morocco,1973,0,1,0.6250933835586868,0,0.20835060242987713
Ecuador,1975,0,0,0.3762629254755239,0,0.31491853121250735
Philippines,2003,0,0,0.47306449475448664,0,0.0643450755030309
Spain,2010,0,0,0.026255086252156414,0,0.02294694984836128
Singapore,1973,0,0,0.025071979689069247,0,0.01908291891806839
France,2009,0,0,0.007485901784693634,0,0.012623304662973941
Norway,1985,0,0,0.14267707054882148,0,0.015590567772181263
Canada,1991,0,0,0.10980867951055169,0,0.018661628299727166
Argentina,1990,1,1,0.8644399644016026,1,0.8411766286356049
Sri Lanka,1987,0,1,0.6999569625989767,0,0.44042715993249787
France,2016,0,0,0.01450515695461741,0,0.02014593885611881
Myanmar,1979,0,1,0.6975010259318829,0,0.20656780814448117
Switzerland,1985,0,0,0.04105206296259369,0,0.017810178515911892
Peru,2005,0,1,0.5207328811233677,0,0.10992963782647677
Argentina,2002,1,1,0.8990165543968335,1,0.6399310793383227
New Zealand,1966,0,0,0.18416396476481084,0,0.03483543521679739
Mexico,2004,0,0,0.39001920091359793,0,0.10638336766026009
Kenya,1978,0,1,0.5617780808058954,0,0.18595166606311447
Japan,1994,0,0,0.0024705844977265384,0,0.012623304662973941
Italy,1992,0,0,0.17546552741103436,0,0.040058287222467334
Portugal,1980,0,0,0.3257728772878277,0,0.12400889962358388
Netherlands,1994,0,0,0.01760485194554901,0,0.012077980284376379
Mexico,1982,1,0,0.46588980966696264,0,0.266332532956361
Australia,1988,0,0,0.128763066543267,0,0.016090540486109733
India,2012,0,0,0.01065509699076702,0,0.01453608078228952
Thailand,1997,0,0,0.005431383585035424,0,0.034433558809811665
Algeria,1980,0,1,0.5655819501601543,0,0.1418845271064835
France,1986,0,0,0.09021910323915411,0,0.012077980284376379
Guatemala,2005,0,1,0.5549526970082027,0,0.0777742172205261
Thailand,2008,0,0,0.012777912660306413,0,0.016306945304767916
Hungary,2011,0,0,0.18183395402815558,0,0.05561252085107753
Panama,1999,0,0,0.3917229458550346,0,0.22419195990663307
Morocco,1964,0,1,0.5178538051357261,0,0.3284445929542957
Thailand,1964,0,0,0.02144823026593896,0,0.01651742009294183
Tunisia,2016,0,0,0.4450930006714336,0,0.05998309341769294
United States,1980,0,0,0.0008614261466966425,0,0.01509681956257968
Egypt,1969,0,1,0.6259252337547654,0,0.23182953469611162
Korea,2004,0,0,0.0010023444531502659,0,0.015434771310786211
Nigeria,2007,0,0,0.2487588412556101,0,0.06365357753030128
Ghana,1992,0,1,0.6065928442415773,0,0.12760675105903763
Singapore,1993,0,0,0.011492252066020331,0,0.012542538252371092
Venezuela,2009,0,1,0.6441850498780997,0,0.13361383629027487
Honduras,1974,0,1,0.6206823807976548,0,0.1274801873365556
Italy,2003,0,0,0.13322205930931655,0,0.012025683160754065
Sweden,1979,0,0,0.17476860747042697,0,0.015621839114236865
Finland,1982,0,0,0.1756112302575248,0,0.020414497553714495
Honduras,1983,1,1,0.8110301362936194,1,0.8122345394164386
Italy,1986,0,0,0.4243072206808004,0,0.056001767728437374
Ecuador,1973,0,0,0.46899046947936696,0,0.3418808444848585
Malaysia,2007,0,0,0.0038645592090750408,0,0.01612102837207017
El Salvador,1978,0,0,0.41239200769003065,0,0.08218572219295478
Greece,2002,0,0,0.2818651420131124,0,0.050537717239323134
Guatemala,1978,0,1,0.5224013392172986,0,0.18718795718896777
Chile,2003,0,0,0.1416795790904972,0,0.015780966291786293
India,1990,0,0,0.2764441913885588,0,0.06986655238465049
Ecuador,1969,0,1,0.6350368353632032,0,0.08547182207232389
Zimbabwe,1997,1,1,0.6661634941173535,1,0.5041890982120112
Venezuela,1983,1,1,0.8964207283719137,1,0.7056626458820583
Ecuador,2000,0,1,0.8903537223406883,0,0.4746198501659232
Honduras,2004,1,1,0.5119091306334232,0,0.12680460144536537
Iceland,1976,0,0,0.2804790962312517,0,0.1014234938229614
Mexico,1988,1,1,0.6179139117208077,0,0.3147644043531784
Nicaragua,1984,1,1,0.931209756244303,1,0.6427096671878899
Australia,1974,0,0,0.15052153192547488,0,0.01592379913077893
India,1982,0,0,0.4057185428298271,0,0.24983677425460862
Kenya,1971,0,1,0.63054193814236,0,0.19956168772102245
Russia,1993,1,1,0.7686531372538484,1,0.7565744021504699
Costa Rica,1970,0,0,0.48064378317598033,0,0.055835192673497624
Ghana,1964,1,1,0.6317347322804744,0,0.1137350930072409
Peru,1987,1,1,0.7566932706673594,1,0.570138645543193
Russia,2015,0,0,0.047176939889220754,0,0.015212797498146673
Switzerland,1966,0,0,0.023375834186742626,0,0.01609695586578421
Myanmar,1967,0,1,0.9967148635138651,0,0.2687678282200613
Turkey,1987,0,0,0.4687228022335281,0,0.10154697238909122
Netherlands,1972,0,0,0.009868850553912017,0,0.01613034620449691
Brazil,1982,1,1,0.999938581657065,0,0.46017262484117344
India,2002,0,0,0.0682412375266348,0,0.04276904978097377
Spain,1973,0,0,0.41374506157304525,0,0.07305970030394249
Nigeria,1993,1,1,0.8310147239549005,0,0.47956954064690904
Greece,1982,0,1,0.7654329191355265,0,0.3416249429374958
Tunisia,1998,0,0,0.429071111445119,0,0.09296972144365719
Greece,1994,0,1,0.561602116615408,0,0.19774574906334924
Switzerland,2013,0,0,9.144756183216616e-10,0,0.012798442170918157
Singapore,2005,0,0,0.009169275238208643,0,0.02766753272763225
Mexico,2005,0,0,0.3471320996975014,0,0.06535253206867721
Ecuador,1989,1,1,0.7822803496106842,1,0.5749281691610615
India,1972,1,0,0.4117388766857647,0,0.14247338966494444
Mexico,2002,0,0,0.45217009353044235,0,0.10751147132928036
Egypt,1993,0,1,0.6521295303760355,0,0.17219505351680342
Mexico,1964,0,0,0.35906329340938475,0,0.22199711850779208
Peru,2012,0,0,0.19384447523333845,0,0.06622104122009699
Canada,2010,0,0,0.020123768244449183,0,0.01258318051811059
Egypt,1983,1,0,0.4621062145775124,0,0.3193019254583139
Central African Republic,2014,1,1,0.995431218536944,1,0.7648320323329858
New Zealand,2013,0,0,0.03899905419154918,0,0.013820854293204534
Kenya,1976,0,1,0.7102596339337691,0,0.14894093359537755
Central African Republic,1985,1,1,0.862395256718196,1,0.6571285868446316
Chile,1982,1,1,0.6763217285725771,0,0.49327220030685276
Tunisia,1986,0,1,0.7028859162394765,0,0.43213067906351627
Greece,2006,0,0,0.2079176195151607,0,0.023306042277434488
Sweden,1973,0,0,0.1699627453849171,0,0.0164358629174639
Spain,1969,0,1,0.5584385122713156,0,0.11619760577042537
Sri Lanka,1974,0,1,0.653399201817658,0,0.12208071448149396
Ecuador,1965,0,1,0.5732382095426051,0,0.070058816177493
Dominican Republic,2000,0,0,0.4185821660715855,0,0.1311368979251397
United Kingdom,2006,0,0,0.023954666310441856,0,0.012107874869446603
Panama,1976,0,0,0.38801052225593946,0,0.10125580660539836
Finland,2010,0,0,0.07519499584018108,0,0.02817327523343164
Zambia,1979,0,1,0.8736658929554503,0,0.43944075426296153
United Kingdom,1974,0,0,0.1992518546665639,0,0.06980277148091062
Spain,2003,0,0,0.04388305010287735,0,0.013482531016832283
Peru,1979,1,1,0.6732326941548308,0,0.22340516448427414
Nigeria,2014,0,0,0.3829349222691884,0,0.06503234598006154
Portugal,1982,0,1,0.684615684368766,0,0.21663054012193425
Honduras,2014,1,0,0.41981146410005676,0,0.0672175183710566
Uruguay,1981,1,1,0.597544952540878,0,0.3157895488126282
France,1969,0,0,0.13116700440966436,0,0.015728880953678498
Thailand,1996,0,0,0.0020839709593932234,0,0.01601055220987479
Japan,2000,0,0,8.18477470753131e-05,0,0.014295151753669131
South Africa,2000,0,0,0.32248579914989833,0,0.04127482338773982
Malaysia,2006,0,0,0.0059468018855111755,0,0.017999618102666197
Bolivia,2014,0,0,0.29427339563311217,0,0.05218260672512877
Chile,2007,0,0,0.14805512035013824,0,0.01671205415706145
Japan,1985,0,0,0.015242509291355403,0,0.017051318323144313
India,1968,1,0,0.4425973955569358,0,0.2838822897102024
Uruguay,2010,0,0,0.4228075464587281,0,0.0827233854186315
Turkey,2002,0,1,0.7325258503297836,0,0.2602738089594609
Morocco,1971,0,1,0.5198872658942332,0,0.2218371075299785
Venezuela,2001,1,1,0.8936463592185352,1,0.5338301556462006
Malaysia,1976,0,0,0.0318041586211633,0,0.021650917773016483
South Africa,2012,0,0,0.25396456866251765,0,0.014714855379504031
Sri Lanka,2012,1,0,0.42438525854798614,0,0.218339205446113
Romania,2007,0,0,0.25251108656186083,0,0.1104966268853728
Australia,1983,0,0,0.2655929941069129,0,0.0614315390604611
Norway,1986,0,0,0.12001544649751063,0,0.020247486235486573
El Salvador,2011,0,1,0.6709533862998778,0,0.2692648603967977
Kenya,1973,0,1,0.5702666975629382,0,0.13805702266727413
United Kingdom,2005,0,0,0.022054368735221763,0,0.012107874869446603
Dominican Republic,1993,1,1,0.7208184591732282,1,0.5410597301095501
Zambia,1987,1,1,0.893248990590103,1,0.8313078811326268
Malaysia,1964,0,0,0.028740183887302758,0,0.018243982321946375
Kenya,1967,0,1,0.6022922709506319,0,0.330905745468419
Dominican Republic,1990,1,1,0.7976301586359732,1,0.5951107556103241
Ireland,1988,0,1,0.5211765532215079,0,0.19271898141384858
New Zealand,2001,0,0,0.09988885373003673,0,0.017483830308779147
Switzerland,1964,0,0,0.018570194312657155,0,0.017452752802109388
Zimbabwe,1972,1,0,0.33499397415106463,0,0.23779765067527817
France,2010,0,0,0.0037872828844567126,0,0.012623304662973941
Australia,1999,0,0,0.06163377246515253,0,0.014190580453351182
India,1999,0,0,0.15090833375455737,0,0.032966087073078
Central African Republic,1987,1,1,0.8903551045457492,1,0.6597768912090767
Australia,2004,0,0,0.023109731844609727,0,0.014190580453351182
Nigeria,1985,1,1,0.9151179571640121,0,0.31249260155250835
Greece,2007,0,0,0.21615782932414956,0,0.030090541478500175
Nicaragua,2012,1,1,0.7820228832808777,1,0.6662480912319627
Indonesia,1965,1,0,0.39354030756799463,0,0.22471357037218573
Netherlands,2009,0,0,0.006131291598297151,0,0.013968419870072442
Japan,2001,0,0,1.0480610937125062e-05,0,0.016620310071301398
Costa Rica,1984,1,1,0.940695193870089,1,0.7977760694671268
Zambia,2012,0,1,0.5845071197413593,0,0.31281807759240027
Colombia,2009,0,0,0.32564527847899205,0,0.05361041223893884
Mexico,1978,0,0,0.3974745303131012,0,0.10320805363914563
Ghana,1967,1,1,0.78530416135066,0,0.39914050000765416
Indonesia,1976,0,0,0.21015788414427164,0,0.053288564600469115
Tunisia,1974,0,0,0.4462466593456754,0,0.23463515656371986
Netherlands,1970,0,0,0.008945567509646516,0,0.015578639471413686
Greece,1998,0,0,0.4590192255368667,0,0.050814286141215394
Korea,1974,0,0,0.0439555869644416,0,0.024896356999520135
Colombia,1998,0,0,0.3841062353300664,0,0.06971393248217303
Belgium,1985,0,0,0.3166313995025959,0,0.06759556068433617
Dominican Republic,2010,0,1,0.6348785780601126,0,0.24277450634486802
Egypt,2008,0,0,0.16490515323197105,0,0.04592562381281402
Mexico,1968,0,0,0.35552595170054624,0,0.14895262486376956
Sri Lanka,1994,0,1,0.544739702992931,0,0.12139167739968787
Austria,1985,0,0,0.2536528874300566,0,0.015519388523680393
Dominican Republic,2016,0,1,0.5158038487484904,0,0.12451669993695696
Philippines,1988,1,1,0.7748121470093171,1,0.6303022250493953
France,1985,0,0,0.12908103633263068,0,0.01206875043803265
Malaysia,2004,0,0,0.008808107571554284,0,0.016622221084302162
Guatemala,1983,1,1,0.8611176738509175,1,0.8125069092705446
Algeria,2008,0,0,0.027702292479288636,0,0.0796598735845839
Bolivia,2008,0,0,0.43513083259485674,0,0.11079836951041588
Australia,2015,0,0,0.016657851531376996,0,0.013580478942449193
Venezuela,1971,0,1,0.5655767155885123,0,0.14471539130807198
Netherlands,1964,0,0,0.011739314815984607,0,0.01740655779442877
Honduras,1993,1,1,0.697531329633936,1,0.6278046859252215
Romania,1978,1,1,0.6697155136011685,0,0.2815487606257117
Indonesia,1996,1,0,0.12592699074906574,0,0.03537425948681995
Dominican Republic,2005,0,1,0.718630080380654,1,0.5519886257491988
Norway,2010,0,0,0.008392947298811427,0,0.011943464249939332
India,2004,0,0,0.005569313449101104,0,0.03171923755559097
Switzerland,1981,0,0,0.00926483888361839,0,0.011987435539518958
El Salvador,1991,0,1,0.732714087467069,0,0.4133795782380976
New Zealand,2016,0,0,0.036014469432922795,0,0.013820854293204534
United States,1972,0,0,0.10205450184665246,0,0.014495806235178939
Chile,1995,0,0,0.15019591148815697,0,0.054774002732668976
Philippines,2000,0,1,0.515877769561883,0,0.12651911178232808
Tunisia,1981,1,0,0.43562919357858265,0,0.2044107720490651
Russia,2008,0,0,8.886210371065328e-08,0,0.034220539795374025
Austria,1993,0,0,0.14652545541148712,0,0.012025683160754065
Sweden,1995,0,0,0.13129380929215292,0,0.019148518721717078
United States,2014,0,0,0.006584230766810954,0,0.015296815105052538
Ghana,2011,0,1,0.5062445995277174,0,0.24090750341232864
Egypt,2004,0,0,0.43685565872729026,0,0.06087113126232795
Switzerland,1978,0,0,0.03195081465760499,0,0.08473134974848884
Peru,1980,1,1,0.6318747567704536,0,0.16447027637347383
Sweden,1982,0,0,0.3458485216302241,0,0.017906717128358975
Honduras,2005,1,1,0.5002657152727108,0,0.16207148767569157
Denmark,2005,0,0,0.006943996523330662,0,0.011990737260738463
France,1965,0,0,0.11153899131515,0,0.01380197405091943
Algeria,1985,0,1,0.6162700737136406,0,0.12107108750937108
Portugal,1995,0,0,0.24463021012425332,0,0.013751624845944246
Italy,1984,0,1,0.5519825491622502,0,0.06043396853269533
Morocco,1966,0,1,0.5179308255787797,0,0.2973929540203901
Canada,1989,0,0,0.03836862849135229,0,0.012909689669913616
Uruguay,1984,1,1,0.9330434859770927,1,0.7779679378692824
Honduras,1992,1,1,0.7079223585833432,0,0.4231668779550707
Dominican Republic,2009,0,1,0.6798580883389188,0,0.45771916813241553
Hungary,1973,0,0,0.18120683853101288,0,0.0690330580441759
China,2004,0,0,8.351430339069623e-10,0,0.01318556844062774
Mexico,1965,0,0,0.35226367612331055,0,0.22937508895569053
Bolivia,1991,1,1,0.6546259261354939,0,0.4311414279672394
Ireland,1987,0,1,0.5502641883291375,0,0.2095701428153251
India,1974,1,0,0.4166519118808221,0,0.10309413143755965
Iceland,2011,0,0,0.36896292389346474,0,0.14975444841255514
Norway,2013,0,0,0.009353994433121618,0,0.016195197218078144
Germany,2012,0,0,0.0017707890888624708,0,0.03476381383538721
Netherlands,1986,0,0,0.044646846791186974,0,0.01206875043803265
Ecuador,2016,0,1,0.6529143641985816,0,0.14980807322859993
Uruguay,1966,0,1,0.5961944504396229,0,0.20554286721083406
United Kingdom,2009,0,0,0.027142254703001703,0,0.021864046158050356
Nigeria,2011,0,0,0.43589061949179136,0,0.13423102322331906
Denmark,1979,0,0,0.09262163659235335,0,0.017530046032618648
France,2002,0,0,0.06351584584803852,0,0.01206875043803265
Colombia,1991,0,1,0.502324806539213,0,0.0780509906457933
Venezuela,1973,0,1,0.5608431391428618,0,0.15848676972158127
Denmark,1964,0,0,0.08311720668441447,0,0.02938388130865361
Zimbabwe,1999,1,1,0.8212712752758923,1,0.7154999643131652
Philippines,1997,0,0,0.24870383226150575,0,0.05851169206823464
Panama,1987,1,1,0.6932480632314139,1,0.7331650810173441
Ireland,1982,0,1,0.5805231427622073,0,0.3328310758383227
Philippines,1964,0,0,0.41642853774783484,0,0.07233073379525559
France,1992,0,0,0.06363072488899468,0,0.012016492793130917
Honduras,1975,0,1,0.6443319619054454,0,0.1811439438612541
Iceland,1984,0,1,0.659386562137725,0,0.41588849106389963
Korea,1981,0,0,0.2743802645097317,0,0.05467569948160283
Iceland,2008,0,0,0.004688891857277988,0,0.06256591135830826
Algeria,1983,0,1,0.6600157680170426,0,0.2162789395349597
Finland,2015,0,0,0.04389649443757936,0,0.020058806970983546
Iceland,1982,0,0,0.4452559894693702,0,0.2820947380217624
Nicaragua,2007,1,1,0.560705727767148,0,0.47591249493581544
India,1976,0,0,0.3865777523116241,0,0.22646747737373726
Zimbabwe,2008,1,1,0.9424305397681055,1,0.7332377920137189
Panama,1981,1,0,0.3878438714651189,1,0.6077144858233706
Nicaragua,2005,1,1,0.709071906794854,1,0.5420224820882971
Mauritius,2013,0,0,0.21578711732251027,0,0.027827359977286675
Angola,2008,0,0,0.2901388975222779,0,0.09541707142309469
Belgium,1979,0,0,0.063671301379939,0,0.018730352594999607
Mauritius,2014,0,0,0.25356570423897634,0,0.03388259228958978
Korea,2016,0,0,0.002195000433733324,0,0.01905468683357639
Hungary,1966,1,0,0.26347931533206936,0,0.1876531247921641
Morocco,1975,0,1,0.5760167819157629,0,0.1496191208790358
Indonesia,1995,0,0,0.17174730036757965,0,0.04178519531673505
Brazil,1977,0,0,0.028437897824407664,0,0.19383420979589736
Egypt,1994,0,1,0.5837959170399917,0,0.10941926941035499
Guatemala,1997,0,1,0.5791215956862897,0,0.1251121554786245
Colombia,1965,0,0,0.37553721714209615,0,0.10424714655897055
Ireland,1997,0,0,0.08782109547844656,0,0.016371807500762923
Colombia,1995,0,0,0.4222856555118181,0,0.11277755282492351
Hungary,1996,0,1,0.7526230799015847,0,0.4411422473609813
Ghana,1999,0,1,0.6113065943246696,0,0.2112671422495691
Bolivia,1967,0,0,0.29565388850290125,0,0.05590037561817031
Ghana,1993,0,1,0.6317221495210427,0,0.1672928249034176
France,2004,0,0,0.03600532871399268,0,0.012025683160754065
Spain,1966,0,1,0.5005721794270362,0,0.11646300056116798
Mauritius,1972,0,1,0.6322156581354185,0,0.14889391412267217
Spain,2005,0,0,0.02950995890212203,0,0.014138643421502253
Chile,2004,0,0,0.15252934690374195,0,0.014869081749409943
Netherlands,1971,0,0,0.008738477250136257,0,0.015450055660400523
Zambia,1967,0,1,0.7808593635924873,0,0.37023630947380687
United Kingdom,1969,0,0,0.26974978482869166,0,0.036992753404464056
Venezuela,1974,0,1,0.5580506911374203,0,0.1266282523667592
India,1966,1,0,0.48855312600323464,0,0.28725164777842516
Honduras,1970,0,1,0.578439752741985,0,0.10468439494312085
Thailand,2012,0,0,0.004955495444024739,0,0.018058999630019848
Mauritius,1986,0,1,0.6861319333101021,0,0.29629546720115707
Turkey,1965,0,1,0.583261829694746,0,0.15965878613185858
Mauritius,1968,0,1,0.8167427744895526,0,0.18451962999258384
Singapore,2016,0,0,0.00312465273497524,0,0.01206875043803265
Romania,2001,0,1,0.8287170804278555,1,0.5464125282678167
El Salvador,1970,0,1,0.5011800261684601,0,0.06785284666528976
Chile,1967,0,0,0.328514046308887,0,0.4184178228048281
United States,1995,0,0,0.04093791120208042,0,0.014295151753669131
Hungary,2007,0,0,0.10864750957889008,0,0.015128350050364697
China,2007,0,0,1.1751290047908255e-20,0,0.02349205292371992
Nicaragua,1970,0,1,0.7674693718692853,0,0.14017966394160364
Ireland,1991,0,0,0.10776429003183674,0,0.05728345187136357
Ghana,1996,0,1,0.6456071556522268,0,0.13955127955691057
Zambia,2010,0,1,0.5466135207384787,0,0.2928402671267677
Chile,1999,0,0,0.17901515634303705,0,0.03065122592520112
Honduras,1969,0,1,0.5690664191748493,0,0.11262994763679189
Turkey,1992,0,1,0.6011634814623241,0,0.22353110974238888
Poland,1988,1,0,0.4879499833642453,0,0.29614699517229653
Zambia,1988,1,1,0.9243443846220735,1,0.69670932627262
Greece,1977,0,1,0.6161383815435795,0,0.20008482512552575
Venezuela,1979,0,1,0.545744285481888,0,0.12327227734064365
Iceland,1978,0,0,0.22530030095891856,0,0.11994846109459803
Morocco,2003,0,0,0.4450972850407183,0,0.10342107786908296
Guatemala,2012,0,1,0.565821255996821,0,0.07721292795404663
Sweden,1977,0,0,0.18091329959637203,0,0.015621839114236865
Thailand,1972,0,0,0.03363423821370829,0,0.01851638354379342
Finland,2013,0,0,0.1110835157997738,0,0.12785404479519394
India,1994,0,0,0.22733157144941216,0,0.06952938172304922
Romania,1992,0,1,0.9744891889818881,1,0.5837024582775207
Portugal,1985,0,1,0.9212813356058269,0,0.4509733778089153
Philippines,2016,0,0,0.22036487469083157,0,0.07700198364476496
Central African Republic,1992,1,1,0.880689506454798,1,0.8297153313871811
Costa Rica,1995,0,1,0.641081223795383,0,0.2721205332625769
Nigeria,1991,1,1,0.7523437819161132,1,0.5098424543806196
Mauritius,2008,0,0,0.31395263069515317,0,0.10855076258714158
Venezuela,2016,0,0,0.057188046838123036,0,0.13814105249969147
Guatemala,1991,0,1,0.6679165765581754,0,0.3527503119262451
Colombia,1986,0,1,0.5823648523343357,0,0.12202045121972929
Indonesia,2011,0,0,0.04398057060203069,0,0.042124317171393345
Guatemala,2008,0,0,0.49558144480558525,0,0.06424384275643862
Morocco,1991,0,1,0.67363941640312,0,0.3049812615121363
Ghana,1968,1,1,0.7873972385555834,0,0.4948851837547794
Germany,1974,0,0,0.03790895982618291,0,0.012107874869446603
Uruguay,1975,0,1,0.6359843697127676,0,0.4518614451929834
Venezuela,1989,1,1,0.9398691405198728,1,0.5848111018342818
Ghana,2010,0,1,0.5565818401738184,0,0.16503483617272927
Malaysia,2015,0,0,0.02276083264969861,0,0.013323483856662707
El Salvador,1966,0,0,0.4068074731992705,0,0.06719772086243234
South Africa,1996,0,0,0.4442646718911377,0,0.07703410446581048
Italy,2001,0,0,0.19887319171013645,0,0.01206875043803265
Ghana,1986,1,1,0.791198617396947,0,0.1785388391739922
Greece,1978,0,1,0.5708168382476535,0,0.22348684792368315
Venezuela,1997,0,1,0.8455082322994913,0,0.25863004103908666
Kenya,2012,0,1,0.5669647300166831,0,0.1513336274428551
Uruguay,1996,0,1,0.6354985827496895,0,0.1969606958925222
Netherlands,2012,0,0,0.0017915896196054912,0,0.016694541763811358
Netherlands,2015,0,0,0.003584251018817616,0,0.012353799487454142
Zimbabwe,2011,1,1,0.9274024634786295,1,0.5691022543322498
Indonesia,1981,0,0,0.1908829388535409,0,0.05435115082409268
Finland,1980,0,0,0.16377134472560598,0,0.02177658230092962
Turkey,1978,1,1,0.5980815410336237,0,0.18993412863979234
Colombia,2011,0,0,0.2764575124505542,0,0.047389680759202274
Kenya,1998,1,1,0.6740732139057392,0,0.29971840763260904
Japan,1975,0,0,0.018058071772573143,0,0.03196445806916541
Nigeria,1975,0,1,0.721063921788149,0,0.11948878351905776
Bolivia,2010,0,0,0.3950076979900165,0,0.10637462816316165
United States,1997,0,0,0.05269620239361132,0,0.012016492793130917
Zimbabwe,2009,1,1,0.9441771984464623,1,0.7166985711449012
Mexico,1966,0,0,0.361043427698408,0,0.1858443478543316
Korea,2011,0,0,0.0007439228915362092,0,0.012542538252371092
Argentina,1991,1,1,0.8085494252573593,1,0.6091292874268044
Greece,2001,0,0,0.30092688780743904,0,0.04922015885109233
Colombia,2014,0,0,0.15663980852082002,0,0.036447105868405265
Spain,1985,0,1,0.8340976204558486,0,0.13547082845636083
Norway,1978,0,0,0.10847430757307504,0,0.01465496025264871
Ghana,1998,0,1,0.5974950933914218,0,0.11165541886642191
Ecuador,1990,1,1,0.7652580232806272,0,0.46544496283736936
Netherlands,1995,0,0,0.01814453408753307,0,0.012077980284376379
Bolivia,1982,1,1,0.7852781805525739,1,0.6664228464584072
Romania,2010,0,1,0.791678403172586,0,0.3874309422050762
United Kingdom,1989,0,0,0.0599044673859211,0,0.025880853296521924
Iceland,1986,0,1,0.7269819580585792,1,0.6383665826579307
United States,2011,0,0,9.585581596928884e-07,0,0.016199136141761272
Denmark,1968,0,0,0.07367066148369635,0,0.02065356580126025
Paraguay,1989,1,1,0.7778461761772034,0,0.4849937648308885
Panama,1971,0,0,0.17866487701582204,0,0.057518240300591356
Hungary,2003,0,0,0.27655346429588706,0,0.05862213063596801
Singapore,1977,0,0,0.059388136491733794,0,0.014437398144218707
El Salvador,2007,0,0,0.48636312840313256,0,0.07906971390959681
Paraguay,1987,1,1,0.6919874848568771,1,0.6094635386982148
Ecuador,1976,0,0,0.38902222296479166,0,0.2302513159280458
Panama,2000,0,0,0.3160190320033431,0,0.045018801913277555
Dominican Republic,2011,0,1,0.6572926004850784,0,0.16064881884355536
Bolivia,1999,0,0,0.3595592883687057,0,0.09300109588641532
Norway,2014,0,0,0.005214700356818227,0,0.012363244603339917
Zambia,1971,0,1,0.7939080211667455,0,0.2754193474404563
Venezuela,1978,0,0,0.4970392579263148,0,0.11352808570509848
Ghana,2014,0,1,0.5731263243817818,0,0.2343672849270551
Spain,1978,0,0,0.40487265613976064,0,0.062221228954427485
Sri Lanka,1982,1,1,0.7203932205361104,1,0.6466087833423358
New Zealand,1981,0,0,0.3983058485421833,0,0.1582989468524658
Chile,2016,0,0,0.07434228582546919,0,0.013580478942449193
New Zealand,2003,0,0,0.0647292774160328,0,0.015210513828673649
United Kingdom,1979,0,0,0.09404883715106666,0,0.013274872653860532
Morocco,1974,0,1,0.5921937681292353,0,0.15179593473698802
Zambia,1980,1,1,0.8997119955892109,1,0.8706554990358484
Peru,1991,1,1,0.950311370352185,1,0.6475830309321712
Denmark,1967,0,0,0.09035806211060965,0,0.029179562959160434
Iceland,1968,0,1,0.5584842474668211,0,0.176062139963237
United States,1982,0,0,0.01552513715659587,0,0.018832425873473523
Thailand,1984,0,0,0.04003569106353161,0,0.02927614023997214
Malaysia,1970,0,0,0.034521811571098,0,0.01941889321140559
Italy,2005,0,0,0.09975047551325801,0,0.012025683160754065
Iceland,1975,0,0,0.31722509663791454,0,0.2732434243704804
China,2011,0,0,2.214215678211119e-33,0,0.013535746407931796
Algeria,1965,0,1,0.9291846390948143,0,0.16342720838849598
Myanmar,1996,1,1,0.6352843022487428,0,0.47347278514995944
Greece,1966,0,0,0.4260791027628198,0,0.298899255136416
Ghana,1994,0,1,0.6463737251901568,0,0.14631235695111294
Turkey,1995,0,1,0.6620860485707761,0,0.21636133253683154
Switzerland,1993,0,0,0.03504114836301495,0,0.016664744140997143
Paraguay,2002,1,1,0.8388302256258858,1,0.693969050759328
Denmark,2000,0,0,0.035967994742707204,0,0.01206875043803265
Netherlands,2000,0,0,0.007177094162041655,0,0.01206875043803265
Finland,1976,0,0,0.17202866285510435,0,0.03017457545262355
United States,2008,0,0,0.00033897085435788404,0,0.017283770428821076
El Salvador,1988,0,1,0.7281408712863819,0,0.3339945835090181
Nicaragua,2002,1,1,0.7905355076652867,1,0.5925650274329165
Ecuador,2006,1,1,0.6342820219184546,0,0.26755893336251485
Australia,1975,0,0,0.21087371277951153,0,0.01592379913077893
Nigeria,1996,0,1,0.8223584546263448,0,0.3844966258904188
Japan,1993,0,0,0.00942982993419219,0,0.013002532472020868
Morocco,1994,0,1,0.6277707121696036,0,0.15732205556047654
Denmark,2011,0,0,0.0016138213219727715,0,0.015932292370702632
El Salvador,2004,0,1,0.5314933057515832,0,0.08626084035340278
Korea,1973,0,0,0.04080621824490498,0,0.02554528771859728
Tunisia,2010,0,0,0.3673975741648797,0,0.05410265819111352
United Kingdom,2007,0,0,0.013800331518161317,0,0.019183986704544142
Central African Republic,1998,1,1,0.81992032580477,1,0.6677031650296192
France,1995,0,0,0.09170287737486552,0,0.014284252069930437
Nicaragua,1996,1,1,0.836472050778981,1,0.524977288073537
France,1967,0,0,0.11751514600306068,0,0.01380197405091943
Germany,2007,0,0,0.0262588349848373,0,0.01600066509248059
Sweden,2001,0,0,0.029736167767538846,0,0.012247095009216578
Iceland,2012,0,1,0.5088567642705238,0,0.32042517998319237
Egypt,1989,0,0,0.4683193856392422,0,0.10406700270115316
New Zealand,1979,0,0,0.3899385336685019,0,0.056384116123118055
